balance,balance
1.234567,1.234567
2.345678,2.345678
